bit,gap_difference,gap_when_present,gap_when_absent,count
0,0.006661278112260555,0.25038818565400844,0.2437269075417479,237
1,0.021037271220475995,0.26326466062104975,0.24222738940057376,3639
2,-0.007346180488800785,0.23649208103130756,0.24383826152010835,543
3,-0.007765159026925539,0.23607485714285711,0.24384001616978265,525
4,0.02958587811837987,0.27188163430420714,0.24229575618582727,2472
5,0.0019007859402243588,0.24559258836944128,0.24369180242921692,1754
6,0.006760575931911428,0.2504875536480687,0.24372697771615726,233
7,0.011330304079593484,0.25500290237467016,0.24367259829507668,379
8,-0.008945390983325668,0.23486891025641027,0.24381430123973594,312
9,-0.02310471168652728,0.22081088235294113,0.24391559403946841,340
10,0.015094068183435755,0.2585177637511271,0.24342369556769136,1109
11,-0.02419255476116028,0.22028396226415092,0.2444765170253112,1484
12,0.008878879793563221,0.2526062857142857,0.2437274059207225,175
13,0.017231054339662044,0.26073382749326146,0.24350277315359942,742
14,-0.010132566005684518,0.2336769841269841,0.2438095501326686,252
15,-0.02536142935409011,0.21859487179487178,0.24395630114896188,390
16,0.019502619795493198,0.26303877192982456,0.24353615213433136,570
17,-0.013804390074353051,0.2300316725978648,0.24383606267221786,281
18,-0.011063681885903204,0.23273684210526316,0.24380052399116636,190
19,-0.0329356445447552,0.21116602687140115,0.24410167141615635,521
20,0.01723408786608499,0.2608743440233236,0.2436402561572386,343
21,0.01610961700806754,0.25971827956989246,0.24360866256182492,465
22,-5.756965206460407e-05,0.24370127388535032,0.24375884353741492,314
23,-0.000737836602965225,0.24302793522267205,0.24376577182563727,494
24,0.013158887795150676,0.2568220994475138,0.2436632116523631,362
25,0.0007426759461680033,0.24449496402877696,0.24375228808260896,417
26,-0.015955675969888117,0.22801629297458895,0.24397196894447706,669
27,-0.01663192158265764,0.2274096357226792,0.24404155730533683,851
28,-0.008532068090965739,0.23527180451127822,0.24380387260224395,266
29,0.03214016648147375,0.2754756838905775,0.24333551740910378,658
30,-0.009179451865655136,0.23462070484581496,0.2438001567114701,227
31,0.01780907179864674,0.261326775147929,0.24351770334928227,676
32,-0.008792346121292705,0.2351001312335958,0.2438924773548885,762
33,0.008312757216869027,0.24887697912871493,0.2405642219118459,19213
34,-0.004131457088513757,0.23969064935064932,0.24382210643916308,770
35,-0.00483619960335005,0.238955652173913,0.24379185177726306,345
36,0.02717303386062192,0.2633024148739137,0.23612938101329178,14038
37,-0.003845806745795405,0.2399436724565757,0.2437894792023711,403
38,-0.014337538510411307,0.229495785440613,0.2438333239510243,261
39,-0.021950087456388934,0.2225977196885428,0.24454780714493174,1798
40,-0.005472502786596833,0.23831377952755906,0.2437862823141559,254
41,0.026179621190048463,0.26954174372523115,0.2433621225351827,757
42,-0.008323825465191198,0.23547560975609755,0.24379943522128875,246
43,-0.012756509117890585,0.23115683690280064,0.24391334602069123,607
44,-0.011538310670621527,0.2322610169491525,0.24379932761977402,177
45,-0.002384512920335563,0.24139757575757573,0.2437820886779113,495
46,0.01902300654010544,0.2620962798445308,0.24307327330442538,1801
47,-0.025135894823326954,0.21882769607843136,0.24396359090175831,408
48,-0.013161505803782891,0.2307020050125313,0.2438635108163142,399
49,-0.023610846409885866,0.22029968944099376,0.24391053585087963,322
50,0.003994759190659974,0.24774149659863945,0.24374673740797947,147
51,-0.0036714806420184987,0.24011754807692307,0.24378902871894156,416
52,-0.011846305210402724,0.23197638376383764,0.24382268897424036,271
53,-0.014811368001270225,0.22903479729729728,0.2438461652985675,296
54,-0.015826235401437322,0.22802245614035088,0.2438486915417882,285
55,-0.007363667997056317,0.2364422360248447,0.24380590402190103,322
56,-0.01000958130121335,0.23383638443935925,0.2438459657405726,437
57,-0.023050181900800132,0.22102408759124084,0.24407426949204097,685
58,-0.009316327602743313,0.23450941828254848,0.2438257458852918,361
59,-0.013893722456557872,0.23066976182257506,0.24456348427913294,2897
60,-0.0020064122648064953,0.24176599423631123,0.24377240650111773,347
61,-0.009659504329973007,0.23427458745874588,0.2439340917887189,909
62,-0.028133117010777087,0.21600459940652814,0.24413771641730522,674
63,-0.010504083238293521,0.233324776119403,0.24382885935769652,335
64,-0.03404102660138772,0.21106207594936707,0.2451031025507548,1975
65,0.016220817216769934,0.2593742627345844,0.24315344551781448,1865
66,-0.02268755551685714,0.2212006993006993,0.24388825481755644,286
67,-0.00048130277573454894,0.24328030769230766,0.2437616104680422,325
68,-0.0031906723658076674,0.24058797468354426,0.24377864704935193,316
69,0.003623608756680108,0.24736332046332046,0.24373971170664036,259
70,0.0054582577508622,0.2491831168831169,0.2437248591322547,308
71,-0.004291903874063946,0.2394879518072289,0.24377985568129285,249
72,0.004741960231659875,0.24844410774410777,0.2437021475124479,594
73,-0.009017499746758584,0.23485640624999995,0.24387390599675854,640
74,0.00364677901527799,0.2473252506836828,0.2436784716684048,1097
75,-0.011231084801089364,0.2326275784753363,0.24385866327642566,446
76,-0.010329336955210655,0.23348203125,0.24381136820521065,256
77,-0.022474521419828614,0.22176716279069766,0.24424168421052628,1075
78,-0.01447162346613981,0.22940176322418135,0.24387338669032116,397
79,0.0007181726224575191,0.24447322175732214,0.24375504913486462,239
80,0.01589933384769196,0.25589380755258934,0.23999447370489738,11837
81,-0.020704784151364064,0.2233067103109656,0.24401149446232967,611
82,-0.01742710665979355,0.22642583025830254,0.2438529369180961,271
83,-0.012983056064253373,0.23086760563380282,0.2438506616980562,355
84,-0.03357969000252117,0.210647564469914,0.24422725447243518,698
85,-0.002565816418476169,0.24120636704119847,0.24377218345967464,267
86,-0.018064571751030933,0.2257737556561086,0.24383832740713954,221
87,-0.0019504711870166336,0.24182006472491913,0.24377053591193576,309
88,-0.01909093358677627,0.22490962145110407,0.24400055503788035,634
89,-0.022411639931912974,0.22146293436293435,0.24387457429484732,259
90,-0.018628146253841016,0.22970391821440203,0.24833206446824305,12276
91,-0.008126691735445973,0.23575645371577575,0.24388314545122172,767
92,-0.02116253673132948,0.22297390817469206,0.24413644490602154,893
93,-0.020091194171074772,0.223801497005988,0.24389269117706278,334
94,-0.018267664534386885,0.2256048076923077,0.2438724722266946,312
95,-0.01772667142834375,0.2262260948905109,0.24395276631885465,548
96,-0.022545159562284478,0.2214067599067599,0.24395191946904438,429
97,-0.017927469035958737,0.2260246296296296,0.24395209866558834,540
98,0.0017872924257775757,0.24552772277227722,0.24374043034649964,505
99,-0.009224963469401437,0.23458333333333334,0.24380829680273478,270
100,0.009314286907312536,0.2529997448979592,0.24368545799064664,392
101,-0.003831813970027964,0.23996513944223108,0.24379695341225904,502
102,-0.009732399958046783,0.23420574214517875,0.24393814210322554,923
103,0.010303688812941553,0.2539968454258675,0.24369315661292593,317
104,-0.012835447011196377,0.23165953293830605,0.24449497994950242,2869
105,-0.002616356896230715,0.24116190476190474,0.24377826165813546,378
106,-0.020072689082573203,0.22404750277469476,0.24412019185726797,901
107,-0.012344858996194641,0.2314751004016064,0.24381995939780104,249
108,0.001204491299334226,0.24494704992435704,0.2437425586250228,661
109,-0.008612990007152044,0.235197342192691,0.24381033219984305,301
110,0.004836134674590931,0.24854925373134326,0.24371311905675233,469
111,0.0033863058094386334,0.24709636363636364,0.243710057826925,715
112,-0.030240314459965972,0.21495881612090678,0.24519913058087275,2382
113,-0.011564846969029763,0.23224937759336098,0.24381422456239074,241
114,0.02726886588848762,0.2704781529294935,0.2432092870410059,1007
115,-0.007503673943667771,0.23632579281183932,0.2438294667555071,473
116,0.0014926333534621694,0.2452415625,0.24374892914653784,320
117,0.0015838594865217048,0.24532241653418121,0.2437385570476595,629
118,0.0033396776152291308,0.2470540090771558,0.24371433146192667,661
119,0.009719023903441593,0.25337098540145986,0.24365196149801827,548
120,0.009518690773927363,0.25322862745098035,0.24370993667705299,255
121,-0.0105099619674629,0.23376855295068713,0.24427851491815003,2474
122,-0.012161383286586891,0.23165523012552294,0.24381661341210983,239
123,-0.015894127707973715,0.22825407830342576,0.24414820601139947,1226
124,0.027552155849472765,0.27111281337047355,0.24356065752100078,359
125,0.012603850759473817,0.25629477611940304,0.24369092535992923,268
126,-0.01135222513377629,0.23252613636363637,0.24387836149741265,528
127,0.015927382607940466,0.25959890109890105,0.24367151849096058,273
128,-0.01735836958219039,0.22729024960998434,0.24464861919217473,2564
129,-0.009804715196202962,0.2340233802816901,0.24382809547789305,355
130,0.02978965491277996,0.2725251601630751,0.24273550525029514,1717
131,-0.012536086541675068,0.23129084249084247,0.24382692903251754,273
132,-0.011923333722910101,0.23192838874680305,0.24385172246971315,391
133,-0.010150938650442642,0.23369017199017197,0.24384111064061462,407
134,-0.004584535172443921,0.23921529933481153,0.24379983450725545,451
135,-0.015115189160020137,0.22880683918669129,0.24392202834671142,541
136,-0.006214602442331546,0.23759260204081634,0.24380720448314788,392
137,0.00957004796060748,0.25323072407045005,0.24366067610984257,511
138,0.031070583339902508,0.2721775017576752,0.24110691841777268,4267
139,-0.00731148007238111,0.23654892395982782,0.24386040403220893,697
140,-0.017083254642501655,0.2272294081381011,0.24431266278060276,1622
141,0.0037390468556908196,0.2474733746130031,0.24373432775731227,323
142,-0.022507525249494426,0.22145442477876104,0.24396195002825546,452
143,-0.0072621859036323955,0.23656296296296292,0.24382514886659531,459
144,-0.01306059060717768,0.23078879310344827,0.24384938371062595,348
145,0.0015878004116432198,0.24530626984126983,0.2437184694296266,1260
146,-0.00463474846294093,0.23917610619469026,0.2438108546576312,565
147,-0.0308896818024475,0.21597630218687872,0.24686598398932622,5030
148,0.0037616150390586134,0.24735466120964075,0.24359304617058214,2199
149,-0.0036757593510260145,0.2401313161875945,0.24380707553862052,661
150,-0.025952054520426426,0.21806646706586824,0.24401852158629467,501
151,-0.007041516036626727,0.2368858215179316,0.24392733755455834,1199
152,0.008035577392598081,0.25171081081081076,0.24367523341821268,518
153,-0.0023410783947374336,0.24142981132075467,0.2437708897154921,265
154,-0.004544594045169936,0.23923606557377047,0.2437806596189404,244
155,0.006226690820468034,0.24994831081081081,0.24372161999034278,296
156,-0.01071118101057203,0.2331,0.24381118101057203,246
157,-0.012582913942349866,0.2313441791044776,0.24392709304682747,670
158,0.01052216987879756,0.2541827956989247,0.24366062582012715,465
159,-0.0036870596407094502,0.2400927335640138,0.24377979320472326,289
160,0.0002975484281550478,0.24405441176470585,0.2437568633365508,272
161,-0.005243696457223723,0.2385493939393939,0.24379309039661762,330
162,0.0007852635868929037,0.24453790322580643,0.24375263963891353,372
163,0.0025370221993189224,0.24627307692307693,0.243736054723758,442
164,0.00043163724959219274,0.2441866834170854,0.24375504616749322,398
165,-0.007248799275263479,0.23656390374331548,0.24381270301857896,374
166,-0.026834753353651875,0.2173847497089639,0.24421950306261578,859
167,-0.013046318042764321,0.2308222748815166,0.24386859292428092,422
168,-0.007628851697027844,0.2361752508361204,0.24380410253314824,299
169,0.015259534697109861,0.2589057065217391,0.24364617182462925,368
170,-0.006081724161791174,0.23770813953488368,0.24378986369667485,258
171,-0.0012547776700597146,0.24251331592689293,0.24376809359695265,383
172,0.02751083525180492,0.2710470297029703,0.24353619445116537,404
173,-0.018572601778638592,0.22525608465608465,0.24382868643472325,189
174,0.0067274271496158555,0.25044944649446493,0.24372201934484908,271
175,-0.025575415311821365,0.2184188720173536,0.24399428732917497,461
176,-0.0003080429054924949,0.24345403087478557,0.24376207378027806,583
177,-0.0016250089697194825,0.24214192307692303,0.24376693204664251,260
178,0.00017779858578328978,0.2439356725146199,0.2437578739288366,171
179,-0.009268473028792357,0.2345467320261438,0.24381520505493615,306
180,0.007374120728472794,0.25108216374269005,0.24370804301421725,342
181,-0.0030939089419514676,0.24069439834024892,0.24378830728220038,482
182,0.010697998315167045,0.25435506329113927,0.24365706497597223,474
183,-0.010589093243356107,0.23323186440677965,0.24382095765013576,295
184,-0.0172968657985281,0.2266100233100233,0.2439068891085514,429
185,-0.003078501717952431,0.24070196078431372,0.24378046250226615,357
186,-0.023579114093482706,0.22033970588235297,0.24391881997583567,340
187,0.006012001354152141,0.2497235897435897,0.24371158838943757,390
188,0.004814162972387348,0.2485508849557522,0.24373672198336485,226
189,0.003374588784011756,0.24711241830065359,0.24373782951664183,306
190,-0.01337340833874609,0.23045461538461537,0.24382802372336146,260
191,-0.012330216050245119,0.23152271540469974,0.24385293145494485,383
192,0.0252798474948058,0.2688315403422983,0.24355169284749248,409
193,-0.005163570643275689,0.23868196915776987,0.24384553980104556,843
194,-0.01522917008137073,0.22864444444444443,0.24387361452581516,378
195,-0.010221659676601519,0.2336300438596491,0.24385170353625063,456
196,-0.001736678045220874,0.24204108108108108,0.24377775912630195,555
197,-0.01057136160590702,0.2332735941320293,0.24384495573793633,409
198,-0.00999968068441981,0.23379999999999995,0.24379968068441976,206
199,-0.0056118211570736765,0.2381835866261398,0.24379540778321349,329
200,0.025444237644462048,0.2675681818181818,0.24212394417371977,3212
201,0.006454453353369749,0.2501567816091954,0.24370232825582566,435
202,-0.01198263341441122,0.23191652470187393,0.24389915811628515,587
203,0.00606868565643609,0.2497646601941748,0.2436959745377387,515
204,-0.00047877040797694725,0.24328181818181818,0.24376058858979513,220
205,-0.015167511724931637,0.22869714285714285,0.24386465458207449,350
206,0.010767607799165801,0.254433488372093,0.2436658805729272,430
207,-0.008747714814398289,0.23507445054945053,0.24382216536384882,364
208,0.009833603332998875,0.2534955193482688,0.24366191601526993,491
209,-0.039660234872829186,0.20646596314907872,0.2461261980219079,2985
210,0.004796851172077676,0.24852492113564667,0.243728069963569,317
211,-0.00017213170598834315,0.24358801652892562,0.24376014823491396,484
212,-0.013756513447941071,0.2301263274336283,0.24388284088156936,452
213,0.010003683171644684,0.2536867374005305,0.2436830542288858,377
214,0.00860439714867614,0.252208,0.24360360285132385,900
215,0.0029261665312775575,0.24666861313868613,0.24374244660740857,274
216,-0.0019307187716023078,0.2418386524822695,0.2437693712538718,282
217,-0.020832655610749817,0.22305165562913906,0.24388431123988888,302
218,-0.018031595662243327,0.2258513043478261,0.24388290001006943,345
219,-0.007341390639237888,0.2365191366906475,0.2438605273298854,695
220,0.019992975636873606,0.26355752577319586,0.24356455013632225,485
221,0.02888528870886181,0.2710071302506177,0.24212184154175587,2833
222,0.017879429996945473,0.26045679685134726,0.2425773668544018,3303
223,-0.009421429992311242,0.23439131944444444,0.24381274943675568,288
224,-0.011988278231279709,0.23184141414141413,0.24382969237269383,297
225,-0.021005983112006882,0.22313270718232042,0.2441386902943273,905
226,0.016676761638708515,0.26019943422913716,0.24352267259042865,707
227,0.01972411867431967,0.2629547832585949,0.24323066458427522,1338
228,0.003470317365794534,0.2472020779220779,0.24373176055628337,385
229,-0.012007779800548651,0.2318244299674267,0.24383220976797534,307
230,-0.010654550767002446,0.23314953271028033,0.24380408347728277,214
231,-0.018427967953007024,0.22619847133757962,0.24462643929058664,2355
232,-0.016283427560882247,0.22779355828220857,0.24407698584309082,978
233,0.024719769815631315,0.2672887364921031,0.2425689666764718,2406
234,0.003195556129999416,0.2469153719008264,0.243719815770827,605
235,-0.018010607146792812,0.2258764705882353,0.2438870777350281,357
236,-0.013701469703993385,0.2301622395833333,0.24386370928732667,384
237,-0.006376095151036154,0.23760504009163802,0.24398113524267417,1746
238,-0.010049500826786961,0.23390052465897165,0.24395002548575861,953
239,0.01033798826084098,0.2539738617200674,0.24363587345922644,593
240,-0.001660351205915428,0.24210892307692303,0.24376927428283846,325
241,0.027119319065155384,0.2706255913978494,0.24350627233269403,465
242,-0.02389212266387028,0.22047083003952564,0.24436295270339592,1265
243,-0.009417035252634653,0.23440246913580245,0.2438195043884371,324
244,0.017995661171705174,0.26158354430379743,0.24358788313209226,474
245,-0.0011914339891361536,0.24257352941176472,0.24376496340090087,272
246,0.017585371717171727,0.261168,0.24358262828282828,500
247,-0.0079239531084222,0.23588397435897435,0.24380792746739655,312
248,-0.01809084612386347,0.22598277841561426,0.24407362453947773,871
249,-0.010179984765813693,0.2336568831168831,0.2438368678826968,385
250,0.03677357504840001,0.27820208333333335,0.24142850828493334,3168
251,-0.02231769818752341,0.22155817490494292,0.24387587309246633,263
252,-0.019530839326881044,0.22437881136950902,0.24390965069639006,387
253,-0.008439390218595105,0.2353948775055679,0.243834267724163,449
254,-0.006172527801801303,0.23761434782608692,0.24378687562788823,230
255,-0.015336511759090038,0.22851736334405146,0.2438538751031415,311
256,-0.013331917577814378,0.23063080939947775,0.24396272697729213,766
257,-0.01955666582809268,0.22429451476793247,0.24385118059602515,237
258,0.0005487194854435218,0.24429917920656632,0.2437504597211228,731
259,0.006282044148465754,0.25000195439739414,0.2437199102489284,307
260,-0.003317645803391528,0.24048131147540985,0.24379895727880138,610
261,-0.006560771275798627,0.2372667300380228,0.24382750131382142,526
262,-0.014823552228268366,0.22900133928571426,0.24382489151398262,224
263,0.0181655144815262,0.2612507825148408,0.2430852680333146,1853
264,0.010166736658693415,0.2537377440347071,0.2435710073760137,922
265,-0.001996017588223209,0.24177224489795912,0.24376826248618233,245
266,-0.007502295747211535,0.2363016501650165,0.24380394591222804,303
267,-0.014569639707458754,0.2293861152141802,0.24395575492163896,677
268,0.032870115012430645,0.2721109284051222,0.23924081339269154,6872
269,-0.004761594039674966,0.2390339331619537,0.24379552720162867,389
270,-0.023188552299835408,0.2209632075471698,0.2441517598470052,848
271,-0.026726843587645377,0.2173224264705882,0.24404927005823357,544
272,0.002641655778209906,0.24638365384615385,0.24374199806794394,312
273,-0.008425788820242586,0.23541172707889124,0.24383751589913383,469
274,-0.002568329518348955,0.241217017208413,0.24378534672676194,523
275,-0.021228662937580328,0.2227004975124378,0.24392916045001814,402
276,-0.00569459654632784,0.23816262975778546,0.2438572263041133,867
277,0.004849610578134628,0.24855280701754384,0.24370319643940921,570
278,0.005123374150010518,0.24883871733966745,0.24371534318965693,421
279,-0.007125470648156607,0.23668673740053048,0.24381220804868708,377
280,-0.010694362897508358,0.2331492462311558,0.24384360912866415,398
281,-0.0034681123942986725,0.24035057603686633,0.243818688431165,868
282,-0.007503778863875293,0.23634579901153216,0.24384957787540745,607
283,0.025314560634404848,0.26798957943925233,0.2426750188048475,2140
284,-0.0013127224078237354,0.2424553424657534,0.24376806487357713,365
285,0.026648744507887984,0.2684421480878763,0.24179340357998833,3687
286,-0.011106933180044964,0.2327339622641509,0.24384089544419588,371
287,-0.0035679643806958983,0.2402426812585499,0.2438106456392458,731
288,-0.01704400681453125,0.22690604982206405,0.2439500566365953,562
289,-0.00010234875958767264,0.24365700934579437,0.24375935810538205,428
290,-0.007766574184720709,0.2360774954627949,0.24384406964751562,551
291,-0.019589202661720873,0.22429817629179327,0.24388737895351414,329
292,0.00014703700224527605,0.243904780876494,0.24375774387424873,251
293,0.01068083061966077,0.25423402705515086,0.2435531964354901,961
294,0.018598192934238728,0.26092907764460654,0.24233088471036782,3838
295,0.009469533144032455,0.2531804780876494,0.24371094494361692,251
296,-0.005917677660784437,0.2378708661417323,0.24378854380251674,254
297,0.012388245902120398,0.2560488607594936,0.24366061485737323,395
298,0.008184631161532285,0.25187518072289156,0.24369054956135927,415
299,0.00035601170455121234,0.24411118279569888,0.24375517109114767,465
300,-0.0067249283819967864,0.23707417218543042,0.2437991005674272,302
301,0.029364367962360388,0.2689255072058206,0.2395611392434602,7147
302,-0.008651121615348284,0.23518279816513757,0.24383391978048585,436
303,-0.022419685514006582,0.22152981220657275,0.24394949772057933,426
304,-0.0036327872974731557,0.24014029850746266,0.2437730858049358,201
305,-0.015282498175562154,0.22872447724477246,0.24400697542033462,813
306,0.010389545576730608,0.2540428853754941,0.24365333979876347,506
307,-0.0039752525267005845,0.23979714285714288,0.24377239538384346,175
308,0.0292198734508837,0.2724120743034056,0.24319220085252188,969
309,-0.021811662069260107,0.22219809027777773,0.24400975234703784,576
310,-0.011831138279041392,0.23202554216867466,0.24385668044771605,415
311,-0.014940332041607579,0.22891615853658534,0.24385649057819292,328
312,0.003896313035275406,0.24763796296296295,0.24374164992768754,216
313,-0.00981957445025794,0.23405792079207915,0.2438774952423371,606
314,-0.032238018240070554,0.21785394482337367,0.2500919630634442,9823
315,-0.021028230563793854,0.22290268292682924,0.2439309134906231,410
316,0.002049306665826145,0.24577799174690504,0.2437286850810789,727
317,0.0008574030705404967,0.24461391304347824,0.24375650997293774,115
318,-0.01005641187481432,0.23377568306010932,0.24383209493492364,366
319,-0.011747168949630321,0.23208461538461536,0.24383178433424568,312
320,0.026007890049957766,0.26963425196850394,0.24362636191854617,254
321,-0.02491092152993532,0.2189292682926829,0.2438401898226182,164
322,-0.006439542417723931,0.2373686528497409,0.24380819526746483,386
323,-0.01092658156152132,0.2328898113207547,0.24381639288227602,265
324,0.010737159284317815,0.2543850485436893,0.2436478892593715,515
325,0.010976680640199216,0.25442825464949925,0.24345157400930004,1398
326,0.011426391019088822,0.2551126582278481,0.2436862672087593,316
327,0.0225168961551849,0.2658826834862385,0.2433657873310536,872
328,0.002086278583152662,0.2458259423503326,0.24373966376717993,451
329,-0.005694043981301744,0.2380942748091603,0.24378831879046203,262
330,-0.03102744767232604,0.21298918269230768,0.24401663036463372,416
331,-0.009215217154925515,0.234589156626506,0.24380437378143152,249
332,-0.0061784764401928705,0.23763190476190474,0.2438103812020976,420
333,-0.009108950068706156,0.2347058252427184,0.24381477531142456,309
334,0.0011877125181397885,0.24493640776699027,0.24374869524885048,412
335,0.00198146463465515,0.24572159827213821,0.24374013363748306,463
336,-0.01613957792207793,0.2277092857142857,0.24384886363636363,280
337,-0.01257797398916069,0.2312602523659306,0.24383822635509128,317
338,0.003674239564713938,0.24738987993138936,0.24371564036667542,583
339,0.004262287408060006,0.24797038917089673,0.24370810176283672,591
340,-0.024504001497027916,0.21942747875354107,0.243931480250569,353
341,0.0009695340228343674,0.24472326530612246,0.2437537312832881,245
342,0.01358922609424601,0.2572449735449735,0.2436557474507275,378
343,-0.010457786462465313,0.23379534883720926,0.24425313529967457,2365
344,-0.007302341392857292,0.23649469696969694,0.24379703836255423,264
345,0.017177059304526066,0.2605414995640802,0.24336444025955412,1147
346,-0.007124373607920648,0.2366603260869565,0.24378469969487715,184
347,-0.01291442939476814,0.23096312364425162,0.24387755303901976,461
348,3.1898815637393385e-05,0.24379025641025637,0.24375835759461897,195
349,-0.01496447281494745,0.2290044096728307,0.24396888248777815,703
350,-0.014638140562298507,0.2291838709677419,0.2438220115300404,217
351,-0.00026848095248593884,0.2434944578313253,0.24376293878381125,830
352,-0.0011912369629696051,0.2425740350877193,0.2437652720506889,285
353,-0.011081288189794564,0.23274545454545453,0.2438267427352491,308
354,0.008651249736505023,0.25237149321266966,0.24372024347616464,221
355,-0.011233443066728854,0.23264591078066915,0.243879353847398,538
356,-0.05386151949894566,0.21792326555713568,0.27178478505608133,26017
357,0.011347995519437853,0.2550122891566265,0.24366429363718864,415
358,0.005150085990776793,0.2488589211618257,0.2437088351710489,482
359,0.02499930063535813,0.268344794188862,0.24334549355350385,826
360,0.003286492995908802,0.24657756996203062,0.24329107696612182,7111
361,-0.004281018290926447,0.23956051546391752,0.24384153375484396,970
362,0.00023309904560822603,0.2439885321100917,0.24375543306448347,654
363,-0.024895191490932778,0.21902809667673717,0.24392328816766995,331
364,0.009422826561434477,0.2531370212765957,0.24371419471516123,235
365,-0.006531849564995501,0.23727731958762885,0.24380916915262435,388
366,0.008098644986229114,0.25179703504043127,0.24369839005420216,371
367,0.004956027959026138,0.24850486997635934,0.2435488420173332,2115
368,0.005882121178289734,0.2495884875846501,0.24370636640636037,443
369,-0.022899865838815286,0.2210193732193732,0.2439192390581885,351
370,-0.029112595745402925,0.21543891336270185,0.24455150910810478,1362
371,0.015947112056782675,0.25957929292929294,0.24363218087251026,396
372,-0.006159996948476715,0.23763753943217664,0.24379753638065335,317
373,0.0049951799953407705,0.24873008474576272,0.24373490475042195,236
374,-0.010027096682557884,0.2337781115879828,0.2438052082705407,233
375,-0.022196978998050565,0.22173819095477387,0.24393516995282444,398
376,-0.01080944295045086,0.2330080586080586,0.24381750155850945,273
377,-0.015964677039159908,0.22790651558073652,0.24387119261989643,353
378,-0.03879544002300611,0.213074392577004,0.2518698326000101,10454
379,0.00156552395867246,0.24531179487179483,0.24374627091312237,390
380,0.02511710222389746,0.2681190571049137,0.24300195488101622,1506
381,0.000616370924955284,0.2443689727463312,0.24375260182137592,477
382,-0.008805500287025508,0.23500828025477705,0.24381378054180255,314
383,-0.009623278675938846,0.23433844696969694,0.24396172564563579,1056
384,-0.02923727954946259,0.21584565121412802,0.2450829307635906,2265
385,-0.02562311321985411,0.2184971671388102,0.24412028035866432,706
386,-0.02228459696996768,0.22171322160148976,0.24399781857145744,537
387,-0.013108875989588153,0.23083706293706294,0.2439459389266511,715
388,0.00422261523071521,0.24796184210526312,0.2437392268745479,228
389,0.025268347699674842,0.2687251256281407,0.24345677792846587,597
390,0.0017634212491559886,0.24551111111111112,0.24374768986195514,306
391,-0.0043238852704223785,0.2394827648114901,0.2438066500819125,557
392,0.010213019717066757,0.25377132653061224,0.24355830681354548,980
393,-0.005960315924946058,0.23784668304668302,0.24380699897162908,407
394,0.0036190748103885895,0.24727839416058392,0.24365931935019533,1370
395,-0.0132390038791253,0.2305674033149171,0.2438064071940424,181
396,-0.0032964001798761744,0.24049267241379307,0.24378907259366925,464
397,-0.004400941055356239,0.23939107611548557,0.2437920171708418,381
398,0.006224595687029988,0.24981439114391144,0.24358979545688145,1355
399,-0.007183561949403533,0.23662965879265088,0.24381322074205442,381
400,0.02016312008303997,0.263780056980057,0.24361693689701705,351
401,-0.014615637053979447,0.2292781857451404,0.24389382279911984,463
402,-0.012534330592165993,0.23128105726872245,0.24381538786088844,227
403,-0.013315992443371644,0.23065421383647797,0.2439702062798496,795
404,-0.012926064319522729,0.23096943396226413,0.24389549828178686,530
405,-0.016787547554948157,0.2271069135802469,0.24389446113519506,405
406,-0.01860076457923704,0.22559446337308345,0.2441952279523205,1174
407,-0.026693354272947667,0.21752638888888887,0.24421974316183653,864
408,-0.0032583579837006105,0.24051999999999993,0.24377835798370054,305
409,-0.015212482697586072,0.228715770609319,0.24392825330690507,558
410,-0.013247534483170037,0.2305906976744186,0.24383823215758862,301
411,-0.007366793716753334,0.2364391304347826,0.24380592415153593,322
412,0.008835000434768536,0.2525413559322034,0.24370635549743486,295
413,0.019805452754373953,0.2632430864197531,0.24343763366537913,810
414,-0.000746677814793345,0.24301671732522798,0.24376339514002132,329
415,0.010209113400601433,0.2538775510204081,0.24366843761980667,441
416,0.011368747350156638,0.2547131795716639,0.24334443222150726,1821
417,-0.004185116044011505,0.2396262658227848,0.2438113818667963,632
418,0.0058602276238656215,0.24957100737100738,0.24371077974714175,407
419,0.0007365974416492505,0.24448886255924168,0.24375226511759243,422
420,-0.0013761805474882816,0.2423900355871886,0.2437662161346769,281
421,-0.008216371452560906,0.23560373333333332,0.24382010478589422,375
422,0.035739128722431596,0.27887146118721456,0.24313233246478297,876
423,-0.013237717816578787,0.2305877470355731,0.2438254648521519,253
424,-0.009100301094206231,0.234737899543379,0.24383820063758524,438
425,-0.015404163582427077,0.22842456140350875,0.24382872498593583,228
426,-0.0020412169827926097,0.24173902439024392,0.24378024137303653,533
427,-0.0068561552556797856,0.23692371794871794,0.24377987320439773,156
428,-0.043582137689826966,0.20419548904792886,0.24777762673775583,4611
429,0.0009263647996501645,0.24467317460317456,0.2437468098035244,630
430,0.013095356186596574,0.25662807424593964,0.24353271805934307,862
431,-0.00033861525874070986,0.24343008614976808,0.2437687014085088,1509
432,-0.011229328181003084,0.23260124610591898,0.24383057428692206,321
433,-0.038412098516393406,0.2088349702708654,0.2472470687872588,4541
434,-0.032055034642041735,0.21195732323232322,0.24401235787436495,396
435,-0.032408198674667876,0.21178260869565219,0.24419080737032006,667
436,-0.019493824386419167,0.22438902821316614,0.2438828525995853,319
437,-0.011596116902107545,0.23223333333333335,0.2438294502354409,306
438,-0.006363887340474522,0.2374433420365535,0.24380722937702803,383
439,-0.02124494924152387,0.22263165467625895,0.24387660391778282,278
440,-0.002554272804912938,0.24122423469387755,0.2437785074987905,392
441,-6.0356238170494736e-05,0.24370097457627116,0.24376133081444165,2360
442,-0.0013566467609990862,0.24241084337349394,0.24376749013449303,332
443,-0.006250210228452541,0.2375311475409836,0.24378135776943613,183
444,-0.012857777552056832,0.23110000000000003,0.24395777755205686,775
445,-0.003962103420172336,0.23984574638844303,0.24380784980861536,623
446,-0.0007052755268242006,0.24305914489311164,0.24376442041993585,421
447,0.012131458512261495,0.25559417555373254,0.24346271704147104,1219
448,-0.010967761868423381,0.23291838487972505,0.24388614674814843,582
449,-0.00093598147336027,0.2428278169014084,0.24376379837476866,284
450,-0.0065545881906236,0.2372572481572481,0.2438118363478717,407
451,-0.009262850827129743,0.2345349056603773,0.24379775648750704,212
452,-0.0073465735735414595,0.2364614243323442,0.24380799790588567,337
453,0.02312922643727347,0.26669804878048775,0.24356882234321428,410
454,-0.010742429176068713,0.23308544891640864,0.24382787809247736,323
455,-0.008438905453872297,0.23553662519440124,0.24397553064827354,1286
456,0.0033212963385119143,0.24695277196652715,0.24363147562801524,1912
457,-0.025691597979797975,0.2183238,0.244015397979798,500
458,-0.021821073337956576,0.22211634146341463,0.2439374148013712,410
459,-0.007114266750928605,0.23669230769230767,0.24380657444323628,338
460,-0.009987558049420225,0.23383224755700321,0.24381980560642344,307
461,0.006172474220023122,0.24988416886543532,0.2437116946454122,379
462,0.03306238497029795,0.2762290502793296,0.24316666530903164,895
463,0.022153728968424047,0.2654895178197065,0.24333578885128243,954
464,-0.014652085427521166,0.2294014895729891,0.24405357500051025,1007
465,0.009385210537300764,0.2530719895287958,0.24368677899149502,382
466,-0.01682461461480908,0.2269967914438503,0.24382140605865937,187
467,-0.01519914140999945,0.22861648936170212,0.24381563077170157,188
468,-0.006102628356392692,0.2376889298892989,0.2437915582456916,271
469,-0.015474337788165177,0.2284497196261682,0.24392405741433337,535
470,0.0077081476384830705,0.2511988485895222,0.2434907009510391,1737
471,-0.025395619461251462,0.21870722713864307,0.24410284659989454,678
472,0.012088313306487575,0.25519813641446143,0.24310982310797385,2683
473,0.020925656791015212,0.26428571428571423,0.24336005749469902,952
474,-0.03000091578341421,0.21439718574108815,0.24439810152450236,1066
475,0.006553861571807151,0.2502621409921671,0.24370827942035994,383
476,-0.00575931981777672,0.23804016853932583,0.24379948835710255,356
477,0.02704464780901264,0.2706165217391304,0.24357187393011778,345
478,-0.003751513199693135,0.240029702970297,0.24378121616999013,303
479,-0.021313605509690026,0.22255314960629918,0.2438667551159892,254
480,0.00953850343980342,0.2532462406015037,0.24370773716170027,266
481,-0.00940360078113145,0.23443800904977372,0.24384160983090516,442
482,-0.008020989297582659,0.23603667560321714,0.2440576649007998,1865
483,0.00047183499273767415,0.2442174358974359,0.24374560090469824,1365
484,0.004931234786826694,0.24864543429844096,0.24371419951161427,449
485,0.015377714531662257,0.259024861878453,0.24364714734679077,362
486,0.009967696614927746,0.2536075630252101,0.24363986641028235,595
487,0.0054553686327699635,0.24916737089201876,0.2437120022592488,426
488,0.011128047059952767,0.2547200534759358,0.24359200641598303,748
489,-0.03959657315662804,0.20477961538461537,0.2443761885412434,780
490,-0.007724489966704412,0.2360829652996845,0.24380745526638892,317
491,-0.008085343241045984,0.23571388888888886,0.24379923212993485,252
492,0.02824341533841726,0.2713195364238411,0.24307612108542384,1208
493,-0.015870488549996148,0.22799337349397586,0.243863862043972,332
494,0.0003462873936712074,0.24410114722753343,0.24375485983386222,523
495,-0.015416230555754862,0.22844985673352436,0.24386608728927922,349
496,-0.01335939184349541,0.23049527777777776,0.24385466962127317,360
497,0.02301350564201876,0.266015763846622,0.24300225820460325,1643
498,0.006700001734335326,0.2504243137254902,0.24372431199115485,255
499,0.009432958041793643,0.25309220532319393,0.2436592472814003,526
500,0.0062926820085282,0.25000749279538903,0.24371481078686083,347
501,-0.0015315258473503346,0.24223645161290322,0.24376797746025355,310
502,-0.010226600745036257,0.23365725938009788,0.24388386012513413,613
503,-0.026093025401290104,0.2184931273644388,0.2445861527657289,1586
504,-0.014236360349747623,0.22962860962566845,0.24386496997541607,374
505,0.007270551935468023,0.25099311740890684,0.24372256547343882,247
506,-0.00997574269562404,0.23384379084967316,0.2438195335452972,306
507,0.022291763099565043,0.26576624803767657,0.24347448493811152,637
508,-0.015168967211947076,0.2288231168831169,0.24399208409506398,770
509,-0.011753325922991581,0.23206509803921566,0.24381842396220724,255
510,-0.010836022833376341,0.2329746887966805,0.24381071163005685,241
511,-0.04211391338704573,0.20415961152042866,0.2462735249074744,2986
512,-0.01999647344048311,0.2241559390862944,0.2441524125267775,985
513,0.020897895284085644,0.2645075842696629,0.24360968898557728,356
514,-0.015598095865701211,0.22828205128205126,0.24388014714775247,390
515,0.010950273234055452,0.2542286952554744,0.24327842202141897,2192
516,-0.025836432724132857,0.218239837398374,0.24407627012250685,615
517,0.006841530276551877,0.2505367965367965,0.24369526626024463,462
518,-0.019293085569620255,0.22470656,0.24399964556962025,625
519,0.026379688715006372,0.2690207271010387,0.24264103838603232,2118
520,0.027607569252846798,0.27105353356890455,0.24344596431605775,566
521,-0.009428154765474123,0.234418763326226,0.24384691809170012,469
522,0.024786279691081686,0.2680376344086021,0.24325135471752043,1023
523,0.028506077441174144,0.27082386228729716,0.242317784846123,2527
524,-0.019774654444838308,0.22408032786885246,0.24385498231369077,244
525,0.015072891612479322,0.25854619450317123,0.2434733028906919,946
526,-0.007798015542864245,0.23606729927007297,0.24386531481293722,685
527,0.0005183160960086364,0.24427361563517913,0.2437552995391705,307
528,0.029717069742667857,0.27255432258064516,0.2428372528379773,1550
529,0.012510846469144993,0.2561649880095923,0.24365414154044732,417
530,-0.004123308756906169,0.23966576819407007,0.24378907695097624,371
531,0.002942760155200841,0.2466751693002257,0.24373240914502486,443
532,-0.0009626369730207085,0.24280214067278286,0.24376477764580357,327
533,-0.008134459104035568,0.23568324175824176,0.24381770086227733,364
534,-0.017216049407538514,0.22663333333333333,0.24384938274087184,264
535,-0.009663672859364092,0.2341458333333333,0.2438095061926974,264
536,-0.017356327633512414,0.2264799107142857,0.2438362383477981,224
537,-0.017179759136311756,0.22673849462365592,0.24391825375996767,465
538,0.0024431955715807085,0.24618369565217388,0.24374050008059317,368
539,-0.02645819258860349,0.21764265842349304,0.24410085101209653,647
540,-0.011313429787707746,0.23266204379562044,0.2439754735833282,959
541,-0.0051954261903166266,0.23859111111111111,0.24378653730142774,270
542,-0.01789576561472961,0.22657818909454724,0.24447395470927685,1999
543,-0.0007385789771126305,0.2430219858156028,0.24376056479271543,141
544,0.0055884411646682786,0.24930769230769229,0.243719251143024,351
545,0.003044507170888916,0.24677979002624673,0.2437352828553578,381
546,-0.01854370965509769,0.22539205020920502,0.24393575986430271,478
547,-0.04744477177513795,0.19748369829683696,0.2449284700719749,1233
548,-0.010254936149852789,0.23354641148325359,0.24380134763310637,209
549,0.012104684677573252,0.25571839464882945,0.2436137099712562,598
550,0.013816034686780082,0.25716804894629497,0.2433520142595149,1471
551,0.0021776259250648744,0.24589952380952376,0.2437218978844589,840
552,-0.01467041699033686,0.22918694362017802,0.24385736061051488,337
553,0.03350230293106107,0.2766852153667055,0.2431829124356444,859
554,-0.017356142635972016,0.22656895833333332,0.24392510096930534,480
555,-0.00459031059522369,0.2391952542372881,0.2437855648325118,295
556,-0.013846956542497596,0.22998242187499998,0.24382937841749758,256
557,-0.0010860636665619705,0.2426755244755244,0.24376158814208637,143
558,-0.001455204892079176,0.2423169851380042,0.24377219003008338,471
559,0.017392410849633055,0.26099401330376937,0.2436016024541363,451
560,0.029302227550671578,0.27266805970149255,0.24336583215082097,670
561,-0.011252493971061123,0.23255999999999996,0.24381249397106108,240
562,-0.01107124368133064,0.23287279236276848,0.24394403604409912,838
563,0.007593128466020366,0.25130347003154574,0.24371034156552537,317
564,-0.01666516501911286,0.22723197115384616,0.24389713617295902,416
565,-0.008507495019162092,0.23530135135135133,0.24380884637051342,296
566,-0.013317615210798217,0.23054607594936707,0.2438636911601653,395
567,0.004051603083946614,0.24778723404255315,0.24373563095860654,282
568,0.015951461174055076,0.25958009828009826,0.24362863710604318,407
569,-0.021927934133330496,0.22208052631578948,0.24400846044911997,570
570,-0.01851827952640439,0.22532946058091285,0.24384774010731725,241
571,-0.013768359658765744,0.23008126888217525,0.243849628540941,331
572,-0.014968692340343898,0.22882900763358777,0.24379769997393166,131
573,-0.01637574406043421,0.22750883116883114,0.24388457522926535,385
574,0.00914883070676295,0.2528271689497717,0.24367833824300875,438
575,-0.013349509738736415,0.23052057416267943,0.24387008390141585,418
576,-0.010721413976028799,0.23316915584415587,0.24389056982018467,616
577,-0.0047716084004986725,0.23904499178981936,0.24381660019031803,609
578,-0.034073126267647524,0.21178153446033812,0.24585466072798565,3076
579,-0.029375649470657406,0.2153528164748637,0.2447284659455211,1651
580,-0.03656826332423907,0.20851545253863132,0.2450837158628704,1812
581,-0.0031350605845751334,0.24065621414913957,0.2437912747337147,523
582,0.00715326867895838,0.25084265010351964,0.24368938142456126,483
583,-0.027042226969337085,0.2172592629482072,0.24430148991754427,1004
584,0.010283615587787648,0.25396805555555557,0.24368443996776792,360
585,0.035133582871184954,0.2770503624570774,0.24191677958589247,2621
586,-0.020095291969979584,0.2237548245614035,0.24385011653138308,228
587,-0.012127027281643138,0.23172653061224488,0.24385355789388802,392
588,0.008186342209628161,0.2518524822695036,0.2436661400598754,564
589,-0.01086250848937198,0.23297765957446806,0.24384016806384004,376
590,0.019216814815557426,0.26282694300518133,0.2436101281896239,386
591,0.015516278655589799,0.25914876847290635,0.24363248981731656,406
592,-0.012253185154542934,0.23159842105263156,0.2438516062071745,380
593,0.009679680445303401,0.2532796092796093,0.2435999288343059,819
594,-0.008052209721154252,0.23579999999999995,0.2438522097211542,582
595,0.03174773989640095,0.27524525547445255,0.2434975155780516,411
596,-0.021663168814421735,0.22223915662650603,0.24390232544092777,332
597,-0.017827446932344393,0.22606260162601627,0.24389004855836066,369
598,-0.009072147259812091,0.23492874251497006,0.24400088977478215,1336
599,0.01329988502222712,0.2568865325077399,0.24358664748551279,646
600,-0.0013322994492329376,0.24243732057416267,0.2437696200233956,418
601,0.012076748003992804,0.2556912751677852,0.24361452716379242,596
602,0.008505316533323648,0.25205711934156383,0.24355180280824018,1215
603,-0.0034989049102295833,0.2402814102564102,0.24378031516663978,312
604,-0.013729033761387288,0.2301293956043956,0.2438584293657829,364
605,-0.04002215614711854,0.20465923677363398,0.24468139292075253,1153
606,0.0028489587412680595,0.24658231292517008,0.24373335418390202,441
607,0.01146775512976822,0.2551370179948586,0.24366926286509039,389
608,-0.0032625265755588384,0.24051115879828322,0.24377368537384206,233
609,-0.020109926838818737,0.22424541778975737,0.2443553446285761,1484
610,0.02093928697460959,0.2644603174603175,0.24352103048570792,567
611,0.006629336456000695,0.2501441240478781,0.24351478759187742,1838
612,-0.006687268255675588,0.23713621399176954,0.24382348224744513,486
613,-0.014126857847671925,0.22973559782608693,0.24386245567375886,368
614,-0.0054641408909427425,0.23838078381795194,0.24384492470889468,791
615,-0.010424251758576308,0.23340303030303028,0.2438272820616066,330
616,-0.014499074259602146,0.22931073446327685,0.243809808722879,177
617,-0.021134008705762264,0.2228937205651491,0.24402772927091138,637
618,0.0009208648744445935,0.24466954887218045,0.24374868399773586,532
619,0.007877751011741263,0.2515851851851852,0.24370743417344393,324
620,0.009296097148475735,0.252979652605459,0.24368355545698328,403
621,-0.018746710353883617,0.2251028806584362,0.24384959101231982,243
622,0.03337446071541322,0.27471863422726017,0.24134417351184695,3617
623,-0.026066092424344572,0.22009568329718002,0.2461617757215246,4610
624,0.020293870465483033,0.26354662921348315,0.24325275874800012,1246
625,-0.00839275975257242,0.2354298429319372,0.24382260268450962,382
626,-0.00642768850745587,0.23737064516129033,0.2437983336687462,310
627,-0.016817267804980857,0.22702429149797573,0.2438415593029566,247
628,-0.013394685479899887,0.23052319327731094,0.24391787875721083,595
629,-0.017584893431824872,0.22627980132450332,0.2438646947563282,302
630,-0.011166336644967911,0.23265311355311358,0.2438194501980815,273
631,0.006903840152689494,0.2506290456431535,0.24372520549046403,241
632,-0.0016522910445858074,0.24212658022690434,0.24377887127149014,617
633,-0.012526403601037572,0.23133629807692307,0.24386270167796065,416
634,-0.010925417144758726,0.23291019830028328,0.243835615445042,353
635,-0.024733030249300708,0.21918126984126984,0.24391430009057055,315
636,-0.004671768777319396,0.2391377289377289,0.24380949771504828,546
637,-0.004416777040462949,0.23936555555555553,0.24378233259601848,270
638,-0.007552485806989945,0.23623197674418606,0.243784462551176,172
639,0.00021235308886274895,0.2439695652173913,0.24375721212852855,299
640,0.006228491821439752,0.2499220729366603,0.24369358111522055,521
641,-0.025743646305888213,0.21848903365906622,0.24423267996495443,921
642,-0.0239367157102042,0.22000895140664958,0.24394566711685378,391
643,-0.031198927655268105,0.21279604221635884,0.24399496987162694,379
644,-0.020165260483731795,0.223784388185654,0.2439496486693858,474
645,-0.010473262320081111,0.23335308641975305,0.24382634873983416,324
646,0.001554199962174596,0.24530242424242424,0.24374822428024964,330
647,0.010672112241708609,0.2543264344262295,0.24365432218452088,488
648,0.0023829391748683426,0.24612688524590165,0.2437439460710333,305
649,0.0053109215886745775,0.24903668831168832,0.24372576672301374,308
650,-0.04220042574083446,0.21678228184942896,0.25898270759026343,18038
651,0.014089298865451044,0.25775281899109787,0.24366352012564682,337
652,-0.0061368265469281535,0.23766031746031746,0.24379714400724561,315
653,-0.0019878868177705677,0.2417883668903803,0.24377625370815087,447
654,-0.00722272896630341,0.23659050131926118,0.2438132302855646,379
655,-0.0010197302304240097,0.24274423791821564,0.24376396814863965,269
656,0.010455104198951598,0.24951568967819468,0.23906058547924308,22467
657,0.011330947750726045,0.2548954439252336,0.24356449617450757,856
658,0.003065457104109548,0.24679457202505217,0.24372911492094262,479
659,-0.01618004596611533,0.22767389830508472,0.24385394427120005,295
660,0.00957604392376421,0.2532864541832669,0.24371041025950269,251
661,-0.014891362183861834,0.22902556390977444,0.24391692609363627,532
662,-0.00016580009123798312,0.24359361702127658,0.24375941711251456,282
663,-0.008966898755050995,0.23483318965517241,0.2438000884102234,232
664,0.00228704580407893,0.24603866666666666,0.24375162086258773,150
665,0.010002782184609427,0.2533851595744681,0.24338237738985868,1880
666,-0.007769374367855492,0.23602655601659753,0.24379593038445302,241
667,-0.023943397090480628,0.22165585327783555,0.24559925036831617,3844
668,-0.01065289032763267,0.23318463611859833,0.243837526446231,371
669,-0.010376097206966889,0.23354362934362932,0.2439197265505962,777
670,0.03600832923285302,0.2792554929577465,0.24324716372489347,710
671,-0.012158840715413594,0.23167162162162167,0.24383046233703526,296
672,-0.013603633768448975,0.23024735294117646,0.24385098670962543,340
673,-0.004538027583771448,0.23925476190476186,0.2437927894885333,378
674,0.0016891103672578012,0.24501406530039738,0.24332495493313958,12833
675,0.015277938964978366,0.2588683636363636,0.24359042467138525,550
676,0.005194319110536111,0.2488606538895152,0.2436663347789791,887
677,-0.003960534278180383,0.23983058252427183,0.24379111680245222,412
678,-0.009906888974024919,0.23394709543568462,0.24385398440970954,482
679,0.03054344262166414,0.2714998691955527,0.24095642657388855,4587
680,0.006401559986945887,0.25010153172866517,0.24369997174171928,457
681,-0.01289398541487169,0.23093206106870226,0.24382604648357395,262
682,-0.010778328162446643,0.23304590163934424,0.2438242298017909,305
683,-2.0110319252059083e-05,0.24373853658536584,0.2437586469046179,410
684,-0.014671034574134045,0.2292406130268199,0.24391164760095393,522
685,-0.008788609185812674,0.23503877551020408,0.24382738469601675,392
686,0.01661551742501835,0.26028194945848376,0.2436664320334654,277
687,0.0030131887206235886,0.2467350906095552,0.2437219018889316,607
688,-0.004575358793969864,0.239206,0.24378135879396987,250
689,-0.010278707698310574,0.2335338403041825,0.24381254800249308,263
690,-0.011138867830719185,0.23269335347432016,0.24383222130503934,331
691,-0.009763691618352693,0.23405317725752506,0.24381686887587775,299
692,-0.012202610876624442,0.23170937996820348,0.24391199084482793,629
693,0.007659221324837567,0.2513547445255474,0.24369552320070983,411
694,-0.03685286201484578,0.21221538034425316,0.24906824235909894,7204
695,0.013075007132498012,0.25570328551596483,0.24262827838346682,4322
696,-0.009533563758870323,0.2342582857142857,0.24379184947315602,175
697,-0.013792878772498102,0.2301079457364341,0.2439008245089322,516
698,-0.027312786726146482,0.21883337908945322,0.2461461658155997,4371
699,-0.025756733022381267,0.2182866184448463,0.24404335146722755,553
700,0.010167678854333756,0.25384522613065325,0.2436775472763195,398
701,-3.21636281094273e-05,0.2437265100671141,0.24375867369522353,298
702,-0.0009501459413888413,0.24282272126816382,0.24377286720955266,757
703,0.0025346879937966638,0.24627603550295857,0.2437413475091619,338
704,-0.009452244349434619,0.23433988764044938,0.243792131989884,178
705,4.419267665553561e-05,0.2438024590163934,0.24375826633973788,244
706,0.026436428023736275,0.2693055885850178,0.24286916056128152,1682
707,-0.027166631821460396,0.2169412130637636,0.244107844885224,643
708,0.005887065996706131,0.2495887966804979,0.24370173068379178,482
709,0.005100495134396782,0.2488259259259259,0.2437254307915291,324
710,0.0031594630973845184,0.24689020501138953,0.243730741914005,439
711,-0.02855785381092546,0.21559301310043666,0.24415086691136212,687
712,0.01011349822200619,0.25375041597337766,0.24363691775137147,601
713,-0.024098658720763333,0.220289280245023,0.24438793896578634,1306
714,-0.02136877520848493,0.22338335483870964,0.24475213004719457,2325
715,-0.027562143581104592,0.2166180392156863,0.24418018279679088,765
716,0.026523110533617167,0.2700757731958763,0.2435526626622591,388
717,-0.010324453464763989,0.23350031152647974,0.24382476499124373,321
718,-0.02258292156804073,0.221445652173913,0.24402857374195372,598
719,-0.020580739053914276,0.22333333333333333,0.2439140723872476,378
720,-0.006405806488309879,0.23739649122807016,0.24380229771638004,342
721,-0.025491377655163128,0.21925005186721994,0.24474142952238306,1928
722,0.021332590852853273,0.26484404145077717,0.2435114505979239,579
723,-0.0010321569518403906,0.24273619246861922,0.2437683494204596,478
724,-0.006667862491116089,0.23721624203821653,0.24388410452933262,942
725,-0.02184771638936528,0.2231678832116788,0.24501559960104408,2877
726,-0.041796797268761454,0.20518756154444154,0.246984358813203,3859
727,-0.010765146499546352,0.2330534050179211,0.24381855151746745,279
728,-0.0014311475624254333,0.24233348837209298,0.24376463593451841,215
729,-0.011556673567032966,0.2322563559322034,0.24381302949923636,236
730,-0.017308163636363727,0.22662339999999995,0.24393156363636367,500
731,-0.009808879417706445,0.2340225806451613,0.24383146006286774,372
732,-0.009491522990930895,0.23432580645161288,0.24381732944254378,310
733,-0.0027135798624400853,0.2410615635179153,0.24377514338035539,307
734,-0.006086945847544267,0.2377272925764192,0.24381423842396346,458
735,0.005687066090338561,0.2494050561797753,0.24371799008943673,356
736,0.00742517122963135,0.251061286407767,0.24363611517813563,824
737,0.0007110056936348585,0.24446455331412104,0.24375354762048618,347
738,-0.0111123325035683,0.23273015873015868,0.24384249123372698,378
739,0.01046782973563809,0.2535917518970637,0.2431239221614256,3031
740,0.014745873220876254,0.2584026086956522,0.24365673547477593,345
741,0.023147545676945075,0.2666995515695067,0.24355200589256162,446
742,-0.01330017270715611,0.23056550868486353,0.24386568139201964,403
743,-0.0023435830346195397,0.24142488262910794,0.24376846566372748,213
744,-0.026958336896188317,0.2169915492957746,0.24394988619196292,355
745,-0.02430714497760597,0.21970850661625707,0.24401565159386304,529
746,0.007102249811884009,0.25081911262798634,0.24371686281610233,293
747,-0.031608122653688175,0.21241839622641512,0.2440265188801033,424
748,-0.01229860493243179,0.23157130242825605,0.24386990736068784,453
749,0.008782667111870812,0.2524886287625418,0.243705961650671,299
750,0.00304152851939013,0.24668716981132072,0.2436456412919306,1855
751,-0.04079277007724105,0.20340056285178235,0.2441933329290234,533
752,-0.018993853598156002,0.22486225680933852,0.24385611040749453,257
753,-0.02118135538550031,0.22281139240506329,0.2439927477905636,553
754,-0.003049696264806473,0.24072061855670102,0.2437703148215075,194
755,0.02183887777469054,0.26533966101694917,0.24350078324225863,590
756,0.0050538883292960135,0.24879134615384613,0.2437374578245501,208
757,-0.02207093538884619,0.222256976744186,0.2443279121330322,1290
758,-0.015778803187215557,0.22810306905370845,0.243881872240924,391
759,-0.01818111598240668,0.22571808785529712,0.2438992038377038,387
760,0.02219715191692545,0.26571279707495427,0.24351564515802882,547
761,0.004994024063385033,0.2487260377358491,0.24373201367246405,265
762,0.01184066926772262,0.2554092269326683,0.2435685576649457,802
763,-0.02644292318585531,0.2174890243902439,0.2439319475760992,328
764,-0.020651864337781517,0.22326439790575914,0.24391626224354065,382
765,-0.003721471573141122,0.24007950963222416,0.24380098120536528,571
766,-0.0006305770959238455,0.243132722513089,0.24376329960901286,382
767,-0.00420376584170315,0.23961054216867467,0.24381430801037782,664
768,-0.011952529583318994,0.23187814569536422,0.2438306752786832,302
769,-0.015179430775553227,0.22865555555555553,0.24383498633110876,252
770,-0.024947889061928796,0.21905308641975307,0.24400097548168187,486
771,-0.018345676615235396,0.225514440433213,0.2438601170484484,277
772,-0.00734424281642293,0.2364704960835509,0.24381473889997382,383
773,0.008681768820450908,0.2523846875,0.24370291867954907,320
774,-0.013385080986965753,0.2304510344827586,0.24383611546972436,290
775,-0.012737164705313608,0.2312755511022044,0.24401271580751802,998
776,-0.007405467752272271,0.23640662983425415,0.24381209758652642,362
777,-0.00978342437785093,0.23401477832512313,0.24379820270297406,203
778,0.021170504962991443,0.2647630102040816,0.24359250524109016,392
779,-0.0045545237523839655,0.23923911917098442,0.2437936429233684,386
780,-0.0023113128035012476,0.24145793991416306,0.2437692527176643,233
781,-0.01920241106273074,0.22472774049217,0.24393015155490075,447
782,0.002872213261776474,0.24661294498381872,0.24374073172204225,309
783,-0.011118773522824366,0.23275178571428567,0.24387055923711004,504
784,-0.010835823908764947,0.2330175799086758,0.24385340381744075,438
785,-0.016018762979308848,0.22786530612244893,0.24388406910175778,392
786,-0.012724464178849343,0.23118213058419243,0.24390659476304177,582
787,-0.022738475522173895,0.22229836357168264,0.24503683909385654,2811
788,0.010027173093994757,0.2537206790123457,0.24369350591835093,324
789,-0.012648439654400573,0.2312011111111111,0.24384955076551168,360
790,0.0047365963842044,0.24784540682414694,0.24310881043994254,6858
791,-0.011078811872217348,0.23272021857923497,0.24379903045145232,183
792,-0.017962298527727627,0.22594455205811137,0.243906850585839,413
793,-0.003452929468613253,0.240320814479638,0.24377374394825124,221
794,0.015136738408323108,0.2586082278481013,0.24347148943977817,948
795,0.02987032704269335,0.27152832764505114,0.2416580006023578,3516
796,-0.021989141135934254,0.22191314984709476,0.243902290983029,327
797,0.00611890719848901,0.24984275618374557,0.24372384898525656,283
798,0.004087931454066107,0.24779,0.2437020685459339,690
799,-0.015871597703397022,0.22809162790697676,0.24396322561037379,645
800,0.012326291932861305,0.25597433035714284,0.24364803842428154,448
801,0.026372983902540836,0.2699753378378378,0.24360235393529694,296
802,0.027687941805871336,0.26848824410333205,0.24080030229746072,5342
803,-0.04724115617054206,0.1971409090909091,0.24438206526145115,660
804,0.010472822635959195,0.2541732851985559,0.24370046256259673,277
805,-0.014105055980891013,0.2297233870967742,0.2438284430776652,248
806,-0.03264316938803499,0.21288914243651083,0.24553231182454582,2717
807,-0.00282632951259279,0.24174879213677578,0.24457512164936857,14447
808,0.0074177290832350695,0.2510984732824428,0.2436807441992077,524
809,-0.004129861342477503,0.23964414893617023,0.24377401027864773,188
810,0.0005983000753382872,0.24435424528301888,0.2437559452076806,212
811,-0.013741244658916185,0.23008841698841698,0.24382966164733316,259
812,0.017599031204816623,0.2610998633879781,0.24350083218316146,732
813,-0.009064509518378616,0.2347409266409266,0.24380543615930522,259
814,-0.0029459367065407527,0.2408295138888889,0.24377545059542965,288
815,-0.0031297069747877326,0.240654501216545,0.24378420819133273,411
816,-0.02664827177526896,0.2173990774907749,0.24404734926604385,542
817,-0.014340833364829192,0.22952176308539943,0.24386259645022862,363
818,-0.00450616257071304,0.23927692307692305,0.2437830856476361,273
819,-0.010133224314956113,0.23368220640569393,0.24381543072065004,281
820,-0.005221050858962378,0.23857147239263804,0.24379252325160042,326
821,0.003050773231239784,0.2467847880299252,0.24373401479868542,401
822,-0.00586997001668782,0.23791504424778762,0.24378501426447544,226
823,0.02751109960221043,0.2709455008488964,0.24343440124668597,589
824,-0.015341329554585448,0.22851717791411044,0.2438585074686959,326
825,-0.016693671910308933,0.22714026548672564,0.24383393739703457,226
826,-0.002618816924924494,0.24115867768595045,0.24377749461087495,363
827,-0.009398708472261263,0.2344,0.24379870847226126,214
828,-0.012085866416081142,0.23174295532646044,0.24382882174254158,291
829,0.01465602192602225,0.2583007731958763,0.24364475126985405,388
830,0.004364858018605422,0.24802975746268652,0.2436648994440811,1072
831,-0.033967694637822704,0.21154148234381062,0.24550917698163333,2577
832,0.029296347118799554,0.2726962418300654,0.24339989471126586,612
833,-0.027008422772927587,0.21705417406749555,0.24406259684042314,563
834,-0.02046079900692377,0.22366843267108166,0.24412923167800543,906
835,0.005849979179453568,0.24948139963167582,0.24363142045222225,1086
836,-0.0071899920746573975,0.23665419463087248,0.24384418670552988,596
837,-0.0184083868156191,0.22571200406917596,0.24412039088479506,983
838,-0.025149814102131296,0.2189255555555555,0.2440753696576868,630
839,0.012980724625042572,0.25662004357298474,0.24363931894794216,459
840,-0.025149529716876368,0.21892080645161288,0.24407033616848925,620
841,0.009933750974712191,0.2531875984251968,0.2432538474504846,2540
842,-0.02688851890514421,0.2184020709020709,0.2452905898072151,2849
843,-0.011449175493980834,0.23240525059665873,0.24385442609063956,419
844,-0.024767519896586376,0.2191450160771704,0.24391253597375678,311
845,-0.02142252007775919,0.22241865284974094,0.24384117292750013,193
846,0.008687358809014278,0.2523996240601503,0.24371226525113604,266
847,0.0009283184144308343,0.24468087774294672,0.2437525593285159,319
848,-0.01500754748778338,0.22903097534833866,0.24403852283612204,933
849,-0.048125561538616135,0.21475994363929146,0.2628855051779076,19872
850,-0.004543333172202457,0.23924340836012864,0.2437867415323311,311
851,-0.02064517664703469,0.22320786026200873,0.24385303690904342,229
852,-0.009151195540242407,0.23466676923076918,0.24381796477101159,325
853,0.0010119157493501396,0.2447660465116279,0.24375413076227775,215
854,0.0278104375912393,0.2704676262626262,0.24265718867138691,1980
855,-0.02305612106209537,0.2216914685314685,0.24474758959356388,2145
856,-0.0009666224008850477,0.24280175781250002,0.24376838021338507,512
857,0.03167409526647694,0.2749625336927224,0.24328843842624545,742
858,-0.004870863029727862,0.23892668329177055,0.24379754632149842,401
859,0.0027071569834437315,0.2464451187335092,0.24373796175006546,379
860,-0.020224745545791623,0.22368906249999998,0.2439138080457916,384
861,0.033716802741018875,0.27701875923190544,0.24330195649088657,677
862,-0.01667215017989762,0.22723571428571426,0.24390786446561188,448
863,0.0007086837619192099,0.24446080178173715,0.24375211801981794,449
864,-0.013704544879641428,0.23016192893401013,0.24386647381365156,394
865,0.003365771684266189,0.24710641509433962,0.24374064341007343,265
866,0.006355276347942335,0.2500368595041322,0.24368158315618985,605
867,0.026650541216486218,0.26999753886010364,0.24334699764361742,772
868,0.007915331510806811,0.25150458372310575,0.24358925221229893,1069
869,-0.01653912316987624,0.22744561403508767,0.24398473720496391,684
870,-0.004319553482282218,0.2394636363636364,0.24378318984591862,286
871,0.005159714421916373,0.24886897274633124,0.24370925832441487,477
872,0.001989392322979344,0.24573024830699772,0.24374085598401837,443
873,-0.020354699392269,0.2235861607142857,0.2439408601065547,448
874,0.003916760369437444,0.24764586666666666,0.24372910629722921,375
875,-0.035058864354513,0.2101461463887542,0.2452050107432672,2063
876,-0.019250634961040458,0.2245736842105263,0.24382431917156674,171
877,-0.02217228093448237,0.2217218954248366,0.24389417635931898,306
878,-0.0021954985364237845,0.24158173302107724,0.24377723155750103,427
879,-0.006683902720820534,0.23714836956521734,0.24383227228603788,552
880,-0.012940395829684204,0.2308636363636363,0.2438040321933205,176
881,-0.015958563865371478,0.22820047808764934,0.24415904195302082,1255
882,-0.017446576653390694,0.22643856749311295,0.24388514414650364,363
883,-0.00437146914611497,0.23943413729128016,0.24380560643739513,539
884,0.006611674205113965,0.250278386167147,0.24366671196203302,694
885,-0.022380741011882144,0.22159796747967478,0.24397870849155692,492
886,0.007758158461629416,0.2513827346465817,0.24362457618495226,863
887,0.020945438000221445,0.2644291158536585,0.24348367785343708,656
888,-0.010104986687917428,0.23387479452054794,0.24397978120846536,1095
889,-0.014228865532601637,0.22961385135135134,0.24384271688395298,296
890,0.02173107176439118,0.2653270053475935,0.24359593358320233,374
891,-0.0330034449254788,0.2112256661991585,0.2442291111246373,713
892,-0.0105489233676192,0.23338256097560975,0.24393148434322895,820
893,-0.022118429649823274,0.2232055948007912,0.24532402445061446,3539
894,-0.015588301025791562,0.22826308724832217,0.24385138827411373,298
895,-0.02854726751693165,0.21569480519480516,0.2442420727117368,847
896,-0.008078184743361194,0.23572472727272725,0.24380291201608845,275
897,0.02576501598191311,0.26743807758833704,0.24167306160642393,4047
898,-0.019296743162004748,0.22479595842956118,0.24409270159156593,866
899,0.02860461605430098,0.26940309238500193,0.24079847633070095,5174
900,3.3450141363633445e-05,0.24379143239625164,0.243757982254888,747
901,-0.0029883768245493603,0.2407821782178218,0.24377055504237116,202
902,0.004504068465428113,0.24820102489019033,0.24369695642476222,683
903,-0.008895541492145664,0.23490617283950618,0.24380171433165185,243
904,-0.0035532073983642054,0.240254806312769,0.2438080137111332,697
905,-0.006160024658109997,0.2376283950617284,0.2437884197198384,243
906,0.016462682579169163,0.26007596371882086,0.2436132811396517,441
907,0.008517859592873489,0.25223307086614166,0.24371521127326817,254
908,0.007245540102668618,0.2509114241001565,0.24366588399748787,639
909,0.00575307623582294,0.24932561881188114,0.2435725425760582,1616
910,-0.03201536241723582,0.21256591439688716,0.24458127681412298,1285
911,-0.006020482235056995,0.237778698224852,0.243799180459909,338
912,0.007991746341618616,0.2517065934065934,0.2437148470649748,273
913,0.007890696932899094,0.2515830548926014,0.24369235795970232,419
914,0.0034604521889451956,0.2472025316455696,0.2437420794566244,237
915,-0.001453410396179966,0.24247991687448045,0.24393332727066042,6015
916,-0.02218862922170678,0.22164529411764705,0.24383392333935383,170
917,-0.015025510640959028,0.22905992647058823,0.24408543711154726,1088
918,-0.02900804153631592,0.21517801899592942,0.24418606053224534,737
919,-0.004830712826006112,0.23896370967741934,0.24379442250342545,372
920,-0.016532196882838496,0.22735920398009948,0.24389140086293798,402
921,0.011844348564651025,0.2555421875,0.243697838935349,256
922,-0.025489470161200845,0.21872119503945883,0.24421066520065968,887
923,-0.011268912819688531,0.23254230769230763,0.24381122051199616,234
924,0.0009971575026365143,0.24474534883720928,0.24374819133457276,516
925,-0.018299960761293782,0.22551927710843372,0.2438192378697275,166
926,0.03322498091218351,0.2560596989329268,0.22283471802074328,31488
927,-0.0018218618112653129,0.24195629629629634,0.24377815810756165,540
928,-0.005418267394754955,0.23837705882352936,0.24379532621828431,340
929,-0.00602362230176412,0.2377613636363636,0.24378498593812772,220
930,-0.01331444098210996,0.2305100806451613,0.24382452162727125,248
931,-0.008598979859201578,0.23522571428571426,0.24382469414491584,385
932,-0.01773263478463652,0.22638652900688297,0.2441191637915195,1017
933,0.008479109392037415,0.2521760330578512,0.24369692366581377,363
934,-0.016719051063117385,0.22711466666666663,0.24383371772978402,225
935,-0.005553267034274806,0.2392441201624973,0.2447973871967721,9354
936,-0.013605664383822047,0.2303574468085106,0.24396311119233266,752
937,0.02810841331983696,0.2714784370477568,0.24337002372791985,691
938,-0.013591263515889601,0.23026317280453254,0.24385443632042214,353
939,0.009187335847774453,0.2528326298701299,0.24364529402235544,616
940,-0.009582616316952758,0.2343514192139738,0.24393403553092655,916
941,0.0017995185948708192,0.2455240976645435,0.24372457906967268,942
942,-0.012170087974847366,0.23167163742690056,0.24384172540174792,342
943,-0.025415706314051767,0.21872299465240644,0.2441387009664582,748
944,-0.00806195089071915,0.23573764705882352,0.24379959794954267,255
945,-0.0006762633165828813,0.2430856,0.2437618633165829,250
946,-0.028318795584956757,0.2156951219512195,0.24401391753617627,451
947,-0.009344705675738973,0.2344907766990291,0.24383548237476807,412
948,-0.004929655456262838,0.23885426356589146,0.2437839190221543,258
949,-0.007433773413566963,0.23635265957446805,0.243786432988035,188
950,0.023494954129761547,0.2658662940379404,0.24237133990817883,2952
951,-0.005273212653174181,0.23850646766169153,0.24377968031486572,201
952,0.022616525609369387,0.2661909090909091,0.2435743834815397,407
953,-0.013599908415995315,0.2302861407249467,0.243886049140942,469
954,0.012239946472263591,0.25585277310924365,0.24361282663698006,595
955,-0.003765279409591288,0.24001948424068764,0.24378476365027893,349
956,0.0027505364146513667,0.24645109211775876,0.2437005557031074,1053
957,-0.012814039723432452,0.2310210702341137,0.24383510995754615,299
958,-0.011016742051503381,0.23281885714285713,0.24383559919436051,350
959,-0.02322148567775334,0.22068932926829268,0.24391081494604602,328
960,0.005200356170159098,0.2489142191142191,0.24371386294406,429
961,-0.021670969127022655,0.22224050991501412,0.24391147904203678,353
962,0.011068316163316355,0.2547431216931217,0.24367480552980533,378
963,-0.006680175037856562,0.23711812080536906,0.24379829584322563,298
964,-0.0116457417362405,0.23216048780487805,0.24380622954111855,205
965,-0.013932712146804166,0.2299394607843137,0.24387217293111788,408
966,-0.01997616576456046,0.22394572127139364,0.2439218870359541,409
967,-0.003858247817541932,0.23992145454545452,0.24377970236299645,275
968,0.003099311111111086,0.24682679999999999,0.2437274888888889,500
969,-0.00243417795553999,0.24133574468085103,0.24376992263639102,235
970,-0.0027051540996556045,0.24108995568685374,0.24379510978650934,677
971,0.006999848051665897,0.2507147909967845,0.2437149429451186,311
972,-0.005358709653672272,0.23843706896551725,0.24379577861918952,348
973,-0.016334326086612783,0.2275865191146881,0.2439208452013009,497
974,-0.0022134812246531466,0.2418196937953263,0.24403317501997945,6205
975,-0.014072636119841608,0.22981503267973855,0.24388766879958015,459
976,-0.013716913414541732,0.23029807486631015,0.24401498828085189,935
977,-0.016390235256011854,0.2276301627033792,0.24402039795939107,799
978,-0.0010264449927153696,0.2427429378531073,0.24376938284582267,531
979,0.024731395908484305,0.2683390163934426,0.2436076204849583,305
980,-0.016983825995883856,0.22708953613807983,0.2440733621339637,927
981,0.008117626404297251,0.25177772277227717,0.24366009636797992,606
982,0.012393646449197382,0.25602794411177643,0.24363429766257905,501
983,-0.015812319877813757,0.22817038081805363,0.2439827006958674,709
984,-0.009764522252369456,0.23406348314606737,0.24382800539843683,356
985,-0.008746170332330272,0.2350983739837398,0.24384454431607008,492
986,0.0009597626936044545,0.24471358024691353,0.24375381755330908,243
987,-0.003522105311179219,0.24025278969957084,0.24377489501075006,233
988,-0.0005457565392353869,0.243216,0.24376175653923537,300
989,-0.016000993144114378,0.2279523809523809,0.24395337409649528,609
990,0.0026111368689639147,0.24635379537953797,0.24374265851057406,303
991,-0.017083306996742598,0.2267370165745856,0.24382032357132818,181
992,0.005926022940980491,0.24963484486873508,0.2437088219277546,419
993,-0.0036615289512531846,0.2401191419141914,0.24378067086544458,303
994,-0.0016198200101109061,0.24214549763033172,0.24376531764044262,211
995,-0.013565107473579113,0.23025360360360358,0.2438187110771827,222
996,0.02545412039827108,0.2690405325443787,0.24358641214610763,338
997,0.0036839613821137984,0.24738349999999998,0.24369953861788618,800
998,0.008287663336218914,0.25199542483660126,0.24370776150038234,306
999,-0.0009322256824330077,0.24283009708737863,0.24376232276981163,206
1000,-0.00041785491937407215,0.24334268292682923,0.2437605378462033,246
1001,-0.011564478682729723,0.2322779614325069,0.24384244011523662,363
1002,0.026987477751877126,0.270413474025974,0.24342599627409686,616
1003,-0.005132832176462848,0.23868026315789473,0.24381309533435758,532
1004,-0.03531716860176004,0.21320277406912921,0.24851994267088925,6741
1005,0.003248253234052506,0.24694157527417743,0.24369332204012492,1003
1006,-0.010195452784614617,0.23363093093093093,0.24382638371554555,333
1007,-0.014952926576655506,0.22888301158301158,0.2438359381596671,259
1008,-0.01025747837521454,0.23356829268292684,0.24382577105814138,328
1009,0.023714788696021644,0.26681921682378534,0.2431044281277637,1379
1010,-0.0066144398006138805,0.23717354260089682,0.2437879824015107,223
1011,-0.012284122333126035,0.23169080590238364,0.24397492823550967,881
1012,-0.01609674620916568,0.2277621794871795,0.24385892569634518,312
1013,-0.012015421460396636,0.23184302884615382,0.24385845030655046,416
1014,0.023124543130063485,0.2666443798449612,0.24351983671489771,516
1015,0.03264551669609947,0.2760808080808081,0.24343529138470862,495
1016,0.02164545959921188,0.26507016861219196,0.24342470901298008,771
1017,0.011386883957370475,0.25418613485280156,0.24279925089543108,4212
1018,-0.008091839844045684,0.23571066176470587,0.24380250160875155,272
1019,0.036327489128933854,0.25985301278368284,0.22352552365474898,27848
1020,-0.02280799953595783,0.22126158357771258,0.2440695831136704,682
1021,-0.008101167718074814,0.23571953124999998,0.2438206989680748,384
1022,0.007330088494849257,0.2510526530612245,0.24372256456637523,245
1023,0.024587541808752333,0.2679324613555291,0.24334491954677678,841
